{
    "crs": "EPSG:32646",
    "transform": [
        1.9164862914862915,
        0.0,
        804843.75,
        0.0,
        -1.9164862914862915,
        2430156.25,
        0.0,
        0.0,
        1.0
    ],
    "mean": [
        30.364553451538086,
        25.474220275878906,
        29.275806427001953,
        40.232872009277344,
        52.76793670654297,
        62.8643913269043,
        87.43714141845703,
        98.27986145019531
    ],
    "std": [
        20.288484573364258,
        17.57389259338379,
        20.503849029541016,
        26.150968551635742,
        31.917896270751953,
        32.0902099609375,
        45.588130950927734,
        49.434566497802734
    ],
    "patch_size": 256,
    "stride": 128
}